,lr,svm,rf,dt,xgb,knn,ab
rouge-1 r,0.5931382396855164,0.6344299632324398,0.6293806864579082,0.5975227383048053,0.6263014043561423,0.6238105919509104,0.5817901799656875
rouge-1 p,0.2526769483562724,0.24351360221790974,0.25160600647540554,0.25194073111932225,0.2455276547018858,0.24875274136372233,0.25710569023558655
rouge-1 f,0.3462606676015324,0.3447260394087515,0.3512153940522034,0.34598066843016145,0.345192349846191,0.34843432096882654,0.3471830738791161
rouge-2 r,0.31529077567440494,0.34366671840137153,0.34285952193413005,0.31530627022290464,0.3364382753238209,0.34002108510763623,0.30507968487974274
rouge-2 p,0.11603220730995835,0.112138005807829,0.11688714930175645,0.11476886862953961,0.11269417505712281,0.11574908858969352,0.1158668165951576
rouge-2 f,0.16509467236891423,0.16502500396980455,0.16982958692743436,0.16355858061099393,0.1646486999037748,0.16849192277300296,0.16309882930599837
rouge-l r,0.5518195932529473,0.5925716846486856,0.5878784868110845,0.5562146088552358,0.5852808370563235,0.5823284247866901,0.5400890108834985
rouge-l p,0.2353539393652875,0.22782258255549637,0.23485000195873568,0.23472883173370726,0.229884007419303,0.23235965433789396,0.238855152624787
rouge-l f,0.3223384095626364,0.32232644111507813,0.327912912198785,0.32224385860452553,0.3229695999318007,0.325373599584322,0.3224650203927091
